Januari 2026;;;Februari 2026;;;Mars 2026;;;April 2026;;;Maj 2026;;;Juni 2026;;;Juli 2026;;;Augusti 2026;;;September 2026;;;Oktober 2026;;;November 2026;;;December 2026;;
T  1;Nyårsdagen;1;S  1;;5;S  1;;9;O  1;;14;F  1;Första maj;18;M  1;;23;O  1;;27;L  1;;31;T  1;;36;T  1;;40;S  1;;44;T  1;;49
F  2;;1;M  2;;6;M  2;;10;T  2;;14;L  2;;18;T  2;;23;T  2;;27;S  2;;31;O  2;;36;F  2;;40;M  2;;45;O  2;;49
L  3;;1;T  3;;6;T  3;;10;F  3;Långfredagen;14;S  3;;18;O  3;;23;F  3;;27;M  3;batch #9 (80);32;T  3;;36;L  3;;40;T  3;;45;T  3;;49
S  4;;1;O  4;;6;O  4;;10;L  4;Påskafton;14;M  4;;19;T  4;;23;L  4;;27;T  4;;32;F  4;;36;S  4;;40;O  4;;45;F  4;;49
M  5;Trettondagsafton;2;T  5;;6;T  5;;10;S  5;Påskdagen;14;T  5;;19;F  5;;23;S  5;;27;O  5;;32;L  5;;36;M  5;;41;T  5;;45;L  5;;49
T  6;Trettondedag jul;2;F  6;;6;F  6;batch #0 5 prototypes;10;M  6;Annandag påsk;15;O  6;;19;L  6;Sveriges nationaldag;23;M  6;batch #7 (80);28;T  6;;32;S  6;;36;T  6;;41;F  6;;45;S  6;;49
O  7;;2;L  7;;6;L  7;;10;T  7;;15;T  7;;19;S  7;;23;T  7;;28;F  7;;32;M  7;;37;O  7;;41;L  7;;45;M  7;;50
T  8;;2;S  8;;6;S  8;;10;O  8;;15;F  8;;19;M  8;batch #5 (80);24;O  8;;28;L  8;;32;T  8;;37;T  8;;41;S  8;;45;T  8;;50
F  9;;2;M  9;;7;M  9;;11;T  9;;15;L  9;;19;T  9;;24;T  9;;28;S  9;;32;O  9;;37;F  9;;41;M  9;;46;O  9;;50
L 10;;2;T 10;;7;T 10;;11;F 10;;15;S 10;;19;O 10;;24;F 10;;28;M 10;;33;T 10;;37;L 10;;41;T 10;;46;T 10;;50
S 11;;2;O 11;;7;O 11;;11;L 11;;15;M 11;batch #3 (80);20;T 11;;24;L 11;;28;T 11;;33;F 11;;37;S 11;;41;O 11;;46;F 11;;50
M 12;;3;T 12;;7;T 12;;11;S 12;;15;T 12;;20;F 12;;24;S 12;;28;O 12;;33;L 12;;37;M 12;batch #14 (backup);42;T 12;;46;L 12;;50
T 13;;3;F 13;;7;F 13;;11;M 13;Green light production;16;O 13;;20;L 13;;24;M 13;;29;T 13;;33;S 13;;37;T 13;;42;F 13;;46;S 13;;50
O 14;;3;L 14;;7;L 14;;11;T 14;;16;T 14;Kristi himmelsfärdsdag;20;S 14;;24;T 14;;29;F 14;;33;M 14;batch #12 (80);38;O 14;;42;L 14;;46;M 14;;51
T 15;;3;S 15;;7;S 15;;11;O 15;;16;F 15;Eduardo födelsedagen;20;M 15;;25;O 15;;29;L 15;;33;T 15;;38;T 15;;42;S 15;;46;T 15;;51
F 16;;3;M 16;;8;M 16;;12;T 16;;16;L 16;;20;T 16;;25;T 16;;29;S 16;;33;O 16;;38;F 16;;42;M 16;;47;O 16;;51
L 17;;3;T 17;;8;T 17;;12;F 17;;16;S 17;;20;O 17;;25;F 17;;29;M 17;batch #10 (80);34;T 17;;38;L 17;;42;T 17;;47;T 17;;51
S 18;;3;O 18;;8;O 18;;12;L 18;;16;M 18;;21;T 18;;25;L 18;;29;T 18;;34;F 18;;38;S 18;;42;O 18;;47;F 18;;51
M 19;;4;T 19;;8;T 19;Green light pre-production;12;S 19;;16;T 19;;21;F 19;Midsommarafton;25;S 19;;29;O 19;;34;L 19;;38;M 19;;43;T 19;;47;L 19;;51
T 20;;4;F 20;;8;F 20;;12;M 20;;17;O 20;;21;L 20;Midsommardagen;25;M 20;batch #8 (80);30;T 20;;34;S 20;;38;T 20;;43;F 20;;47;S 20;;51
O 21;;4;L 21;;8;L 21;;12;T 21;;17;T 21;;21;S 21;;25;T 21;;30;F 21;;34;M 21;;39;O 21;;43;L 21;;47;M 21;;52
T 22;;4;S 22;;8;S 22;;12;O 22;;17;F 22;;21;M 22;batch #6 (80);26;O 22;;30;L 22;;34;T 22;;39;T 22;;43;S 22;;47;T 22;;52
F 23;;4;M 23;;9;M 23;;13;T 23;;17;L 23;Pingstafton;21;T 23;;26;T 23;;30;S 23;;34;O 23;;39;F 23;;43;M 23;;48;O 23;;52
L 24;;4;T 24;;9;T 24;;13;F 24;;17;S 24;Pingstdagen;21;O 24;;26;F 24;;30;M 24;;35;T 24;;39;L 24;;43;T 24;;48;T 24;Julafton;52
S 25;;4;O 25;;9;O 25;;13;L 25;;17;M 25;batch #4 (80);22;T 25;;26;L 25;;30;T 25;;35;F 25;;39;S 25;;43;O 25;;48;F 25;Juldagen;52
M 26;;5;T 26;;9;T 26;;13;S 26;;17;T 26;;22;F 26;;26;S 26;;30;O 26;;35;L 26;;39;M 26;batch #15 (backup);44;T 26;;48;L 26;Annandag jul;52
T 27;;5;F 27;;9;F 27;;13;M 27;batch #2 (80);18;O 27;;22;L 27;;26;M 27;;31;T 27;;35;S 27;;39;T 27;;44;F 27;;48;S 27;;52
O 28;;5;L 28;;9;L 28;;13;T 28;;18;T 28;;22;S 28;;26;T 28;;31;F 28;;35;M 28;batch #13 (26);40;O 28;;44;L 28;;48;M 28;;53
T 29;;5;;;;S 29;;13;O 29;;18;F 29;;22;M 29;;27;O 29;;31;L 29;;35;T 29;;40;T 29;;44;S 29;;48;T 29;;53
F 30;;5;;;;M 30;batch #1 (75) preseries;14;T 30;Valborgsmässoafton;18;L 30;;22;T 30;;27;T 30;;31;S 30;;35;O 30;;40;F 30;Alla helgons afton;44;M 30;;49;O 30;;53
L 31;;5;;;;T 31;;14;;;;S 31;;22;;;;F 31;;31;M 31;batch #11 (80);36;;;;L 31;Alla helgons dag;44;;;;T 31;Nyårsafton;53
